licenseID,licenseIssueDate,licenseExpiryData,aadhar
83943256,2016-09-12,2026-09-12,477518642583
32482382,2015-07-06,2025-07-06,809150714931
71581033,2016-09-14,2026-09-14,406263927302
52907053,2009-12-25,2019-12-25,676495209027
56026629,2010-10-11,2020-10-11,646041932192
75383826,2013-05-04,2023-05-04,475760993584
58125039,2013-03-13,2023-03-13,795930038236
32241538,2014-02-28,2024-02-28,261809757741
45911730,2015-06-12,2025-06-12,275546655966
14147135,2016-10-15,2026-10-15,617214060624
69379784,2011-04-21,2021-04-21,703075364281
70921937,2016-09-12,2026-09-12,668557711266
93481454,2015-07-06,2025-07-06,765706235881
4574628,2016-09-14,2026-09-14,494421643996
31735866,2009-12-25,2019-12-25,319845381849
63996647,2010-10-11,2020-10-11,579171127351
89478920,2013-05-04,2023-05-04,4031114944
42038628,2013-03-13,2023-03-13,194178000114
48485791,2014-02-28,2024-02-28,283640583547
31281335,2015-06-12,2025-06-12,369242215952
32556224,2016-10-15,2026-10-15,190804889295
84415464,2011-04-21,2021-04-21,849185840187
84554770,2016-09-12,2026-09-12,434187848348
24179562,2015-07-06,2025-07-06,106747929389
96326490,2016-09-14,2026-09-14,951505480806
54202194,2009-12-25,2019-12-25,676411214749
38746464,2010-10-11,2020-10-11,866160760319
23446286,2013-05-04,2023-05-04,221519381662
14850758,2013-03-13,2023-03-13,116173366106
89363683,2014-02-28,2024-02-28,49838098673
